Workbook

Sheet ثوابت الأصناف
A1: جدول ثوابت الأصناف والأوزان القياسية
A4: كود الصنف | B4: اسم الصنف الرئيسي | C4: النوع / المقاس | D4: وزن القطعة (جرام) | E4: عدد القطع في الكيس | F4: وزن الكيس الصافي (كجم) | G4: معامل تحويل الأكياس (كيس/كجم)
A5: 80-60 | B5: بيور | C5: خامات تصنيع | D5: 0 | E5: 0 | F5: - | G5: 0
A6: 100-100 | B6: ريسايكل مخرز | C6: خامات تصنيع | D6: 0 | E6: 0 | F6: - | G6: 0
A7: RAW-03 | B7: مادة خام 3 | C7: خامات تصنيع | D7: 0 | E7: 0 | F7: - | G7: 0
A8: PKG-01 | B8: أكياس تعبئة | C8: مواد تعبئة | D8: 0 | E8: 0 | F8: - | G8: 0
A9: LBL-01 | B9: استيكر | C9: مواد تعبئة | D9: 0 | E9: 0 | F9: - | G9: 0
A10: RTX01 | B10: فواصل | C10: 1 مللي | D10: 3 | E10: 100 | F10: 0.3 | G10: =IF(F10>0, 1/F10, 0) -> 3.3333333
A11: RTX02 | B11: فواصل | C11: 1.5 مللي | D11: 3 | E11: 100 | F11: 0.3 | G11: =IF(F11>0, 1/F11, 0) -> 3.3333333
A12: RTX03 | B12: فواصل | C12: 2 مللي | D12: 3 | E12: 100 | F12: 0.3 | G12: =IF(F12>0, 1/F12, 0) -> 3.3333333
A13: RTX04 | B13: المشبك | C13: نوع واحد | D13: 7 | E13: 100 | F13: 0.7 | G13: =IF(F13>0, 1/F13, 0) -> 1.4285714

Sheet التقرير العام (الرصيد)
A1: التقرير العام لحركة المخزن والرصيد الحالي
A4: م | B4: كود الصنف | C4: اسم الصنف والنوع | D4: إجمالي الوارد (كجم) | E4: إجمالي المنصرف (كجم) | F4: الرصيد الحالي (كجم) | G4: وزن الكيس القياسي | H4: الرصيد الحالي (عدد الأكياس)
A5: 1 | B5: 80-60 | C5: بيور | D5: =SUMIF('حركة الوارد (الإضافة)'!C:C, B5, 'حركة الوارد (الإضافة)'!E:E) -> 2000 | E5: =SUMIF('حركة المنصرف (الصرف)'!C:C, B5, 'حركة المنصرف (الصرف)'!E:E) -> 250 | F5: =D5-E5 -> 1750 | G5: =VLOOKUP(B5, 'ثوابت الأصناف'!A:G, 6, FALSE) -> - | H5: =IF(ISNUMBER(G5), IF(G5>0, F5/G5, "-"), "-") -> -
A6: 2 | B6: 100-100 | C6: ريسايكل مخرز | D6: =SUMIF('حركة الوارد (الإضافة)'!C:C, B6, 'حركة الوارد (الإضافة)'!E:E) -> 8257 | E6: =SUMIF('حركة المنصرف (الصرف)'!C:C, B6, 'حركة المنصرف (الصرف)'!E:E) -> 7504 | F6: =D6-E6 -> 753 | G6: =VLOOKUP(B6, 'ثوابت الأصناف'!A:G, 6, FALSE) -> - | H6: =IF(ISNUMBER(G6), IF(G6>0, F6/G6, "-"), "-") -> -
A7: 3 | B7: RAW-03 | C7: مادة خام 3 - خامات تصنيع | D7: =SUMIF('حركة الوارد (الإضافة)'!C:C, B7, 'حركة الوارد (الإضافة)'!E:E) -> 0 | E7: =SUMIF('حركة المنصرف (الصرف)'!C:C, B7, 'حركة المنصرف (الصرف)'!E:E) -> 0 | F7: =D7-E7 -> 0 | G7: =VLOOKUP(B7, 'ثوابت الأصناف'!A:G, 6, FALSE) -> - | H7: =IF(ISNUMBER(G7), IF(G7>0, F7/G7, "-"), "-") -> -
A8: 4 | B8: PKG-01 | C8: أكياس تعبئة - مواد تعبئة | D8: =SUMIF('حركة الوارد (الإضافة)'!C:C, B8, 'حركة الوارد (الإضافة)'!E:E) -> 0 | E8: =SUMIF('حركة المنصرف (الصرف)'!C:C, B8, 'حركة المنصرف (الصرف)'!E:E) -> 0 | F8: =D8-E8 -> 0 | G8: =VLOOKUP(B8, 'ثوابت الأصناف'!A:G, 6, FALSE) -> - | H8: =IF(ISNUMBER(G8), IF(G8>0, F8/G8, "-"), "-") -> -
A9: 5 | B9: LBL-01 | C9: استيكر - مواد تعبئة | D9: =SUMIF('حركة الوارد (الإضافة)'!C:C, B9, 'حركة الوارد (الإضافة)'!E:E) -> 0 | E9: =SUMIF('حركة المنصرف (الصرف)'!C:C, B9, 'حركة المنصرف (الصرف)'!E:E) -> 0 | F9: =D9-E9 -> 0 | G9: =VLOOKUP(B9, 'ثوابت الأصناف'!A:G, 6, FALSE) -> - | H9: =IF(ISNUMBER(G9), IF(G9>0, F9/G9, "-"), "-") -> -
A10: 6 | B10: RTX01 | C10: فواصل - 1 مللي | D10: =SUMIF('حركة الوارد (الإضافة)'!C:C, B10, 'حركة الوارد (الإضافة)'!E:E) -> 495 | E10: =SUMIF('حركة المنصرف (الصرف)'!C:C, B10, 'حركة المنصرف (الصرف)'!E:E) -> 285 | F10: =D10-E10 -> 210 | G10: =VLOOKUP(B10, 'ثوابت الأصناف'!A:G, 6, FALSE) -> 0.3 | H10: =IF(ISNUMBER(G10), IF(G10>0, F10/G10, "-"), "-") -> 700
A11: 7 | B11: RTX02 | C11: فواصل - 1.5 مللي | D11: =SUMIF('حركة الوارد (الإضافة)'!C:C, B11, 'حركة الوارد (الإضافة)'!E:E) -> 2748 | E11: =SUMIF('حركة المنصرف (الصرف)'!C:C, B11, 'حركة المنصرف (الصرف)'!E:E) -> 1560 | F11: =D11-E11 -> 1188 | G11: =VLOOKUP(B11, 'ثوابت الأصناف'!A:G, 6, FALSE) -> 0.3 | H11: =IF(ISNUMBER(G11), IF(G11>0, F11/G11, "-"), "-") -> 3960
A12: 8 | B12: RTX03 | C12: فواصل - 2 مللي | D12: =SUMIF('حركة الوارد (الإضافة)'!C:C, B12, 'حركة الوارد (الإضافة)'!E:E) -> 228.5 | E12: =SUMIF('حركة المنصرف (الصرف)'!C:C, B12, 'حركة المنصرف (الصرف)'!E:E) -> 282 | F12: =D12-E12 -> -53.5 | G12: =VLOOKUP(B12, 'ثوابت الأصناف'!A:G, 6, FALSE) -> 0.3 | H12: =IF(ISNUMBER(G12), IF(G12>0, F12/G12, "-"), "-") -> -178.33333
A13: 9 | B13: RTX04 | C13: المشبك - نوع واحد | D13: =SUMIF('حركة الوارد (الإضافة)'!C:C, B13, 'حركة الوارد (الإضافة)'!E:E) -> 4921 | E13: =SUMIF('حركة المنصرف (الصرف)'!C:C, B13, 'حركة المنصرف (الصرف)'!E:E) -> 2789.5 | F13: =D13-E13 -> 2131.5 | G13: =VLOOKUP(B13, 'ثوابت الأصناف'!A:G, 6, FALSE) -> 0.7 | H13: =IF(ISNUMBER(G13), IF(G13>0, F13/G13, "-"), "-") -> 3045
C16: إجمالي عدد الأكياس بالمخزن (تلقائي)
C17: إجمالي أكياس الفواصل | E17: =SUM(H10+H11+H12) -> 4481.6667
C18: إجمالي أكياس المشابك | E18: =H13 -> 3045
C19: الإجمالي الكلي للأكياس الجاهزة | E19: =E17+E18 -> 7526.6667

Sheet حركة الوارد (الإضافة)
A1: سجل حركة مخزن البلاستيك - حركة الوارد (الإضافة)
A4: التاريخ | B4: رقم الإذن | C4: كود الصنف | D4: اسم الصنف والنوع (تلقائي) | E4: الوزن الفعلي (كجم) | F4: عدد الأكياس (تلقائي) | G4: ملاحظات
A5: 2026-06-20 | B5: RTX001 | C5: RTX01 | D5: =IFERROR(VLOOKUP(C5, 'ثوابت الأصناف'!A:C, 2, FALSE) & " - " & VLOOKUP(C5, 'ثوابت الأصناف'!A:C, 3, FALSE), "") -> فواصل - 1 مللي | E5: 350 | F5: =IF(E5>0, E5 * VLOOKUP(C5, 'ثوابت الأصناف'!A:G, 7, FALSE), 0) -> 1166.6667 | G5: رصيد افتتاحي فعلي
A6: 2026-06-21 | B6: RTX002 | C6: RTX02 | D6: =IFERROR(VLOOKUP(C6, 'ثوابت الأصناف'!A:C, 2, FALSE) & " - " & VLOOKUP(C6, 'ثوابت الأصناف'!A:C, 3, FALSE), "") -> فواصل - 1.5 مللي | E6: =109.5+638.5+2000 -> 2748 | F6: =IF(E6>0, E6 * VLOOKUP(C6, 'ثوابت الأصناف'!A:G, 7, FALSE), 0) -> 9160 | G6: رصيد افتتاحي فعلي
A7: 2026-06-22 | B7: RTX003 | C7: RTX03 | D7: =IFERROR(VLOOKUP(C7, 'ثوابت الأصناف'!A:C, 2, FALSE) & " - " & VLOOKUP(C7, 'ثوابت الأصناف'!A:C, 3, FALSE), "") -> فواصل - 2 مللي | E7: =12.4+14.2+14.2+15.7+14+12.5+15.8+14.1+14.3+13.3+14.2+13.1+30+30.7 -> 228.5 | F7: =IF(E7>0, E7 * VLOOKUP(C7, 'ثوابت الأصناف'!A:G, 7, FALSE), 0) -> 761.66667 | G7: رصيد افتتاحي فعلي
A8: 2026-06-23 | B8: RTX004 | C8: RTX04 | D8: =IFERROR(VLOOKUP(C8, 'ثوابت الأصناف'!A:C, 2, FALSE) & " - " & VLOOKUP(C8, 'ثوابت الأصناف'!A:C, 3, FALSE), "") -> المشبك - نوع واحد | E8: 1375 | F8: =IF(E8>0, E8 * VLOOKUP(C8, 'ثوابت الأصناف'!A:G, 7, FALSE), 0) -> 1964.2857 | G8: رصيد افتتاحي فعلي
A9: 2026-06-24 | B9: RTX005 | C9: 100-100 | D9: =IFERROR(VLOOKUP(C9, 'ثوابت الأصناف'!A:C, 2, FALSE) & " - " & VLOOKUP(C9, 'ثوابت الأصناف'!A:C, 3, FALSE), "") -> ريسايكل مخرز - خامات تصنيع | E9: 6182 | F9: =IF(E9>0, E9 * VLOOKUP(C9, 'ثوابت الأصناف'!A:G, 7, FALSE), 0) -> 0 | G9: رصيد افتتاحي فعلي
A10: 2026-06-24 | B10: RTX006 | C10: 80-60 | D10: =IFERROR(VLOOKUP(C10, 'ثوابت الأصناف'!A:C, 2, FALSE) & " - " & VLOOKUP(C10, 'ثوابت الأصناف'!A:C, 3, FALSE), "") -> بيور - خامات تصنيع | E10: 1000 | F10: =IF(E10>0, E10 * VLOOKUP(C10, 'ثوابت الأصناف'!A:G, 7, FALSE), 0) -> 0 | G10: رصيد افتتاحي فعلي
A11: 2026-06-25 | B11: RTX007 | C11: RTX04 | D11: المشبك - نوع واحد | E11: =2899 -> 2899 | F11: =IF(E11>0, E11 * VLOOKUP(C11, 'ثوابت الأصناف'!A:G, 7, FALSE), "") -> 4141.4286 | G11: تشغيل خارجي
A12: 2026-06-22 | B12: RTX008 | C12: RTX01 | D12: =IFERROR(VLOOKUP(C12, 'ثوابت الأصناف'!A:C, 2, FALSE) & " - " & VLOOKUP(C12, 'ثوابت الأصناف'!A:C, 3, FALSE), "") -> فواصل - 1 مللي | E12: 52 | F12: =IF(E12>0, E12 * VLOOKUP(C12, 'ثوابت الأصناف'!A:G, 7, FALSE), "") -> 173.33333 | G12: تشغيل خارجي
A13: 46201 | B13: RTX009 | C13: RTX01 | D13: =IF(C13<>"", IFERROR(VLOOKUP(C13, 'ثوابت الأصناف'!A:C, 2, FALSE) & " - " & VLOOKUP(C13, 'ثوابت الأصناف'!A:C, 3, FALSE), ""), "") -> فواصل - 1 مللي | E13: 93 | F13: =IF(E13>0, E13 * VLOOKUP(C13, 'ثوابت الأصناف'!A:G, 7, FALSE), "") -> 310 | G13: تشغيل خارجي
A14: 46202 | B14: RTX010 | C14: RTX04 | D14: =IF(C14<>"", IFERROR(VLOOKUP(C14, 'ثوابت الأصناف'!A:C, 2, FALSE) & " - " & VLOOKUP(C14, 'ثوابت الأصناف'!A:C, 3, FALSE), ""), "") -> المشبك - نوع واحد | E14: 155 | F14: =IF(E14>0, E14 * VLOOKUP(C14, 'ثوابت الأصناف'!A:G, 7, FALSE), "") -> 221.42857 | G14: تشغيل خارجي
A15: 46203 | B15: RTX010 | C15: RTX04 | D15: =IF(C15<>"", IFERROR(VLOOKUP(C15, 'ثوابت الأصناف'!A:C, 2, FALSE) & " - " & VLOOKUP(C15, 'ثوابت الأصناف'!A:C, 3, FALSE), ""), "") -> المشبك - نوع واحد | E15: 307 | F15: =IF(E15>0, E15 * VLOOKUP(C15, 'ثوابت الأصناف'!A:G, 7, FALSE), "") -> 438.57143 | G15: تشغيل خارجي
A16: 46205 | B16: RTX011 | C16: 80-60 | D16: =IF(C16<>"", IFERROR(VLOOKUP(C16, 'ثوابت الأصناف'!A:C, 2, FALSE) & " - " & VLOOKUP(C16, 'ثوابت الأصناف'!A:C, 3, FALSE), ""), "") -> بيور - خامات تصنيع | E16: 1000 | F16: =IF(E16>0, E16 * VLOOKUP(C16, 'ثوابت الأصناف'!A:G, 7, FALSE), "") -> 0 | G16: وارد من شركة الحسن
A17: 46205 | B17: RTX012 | C17: 100-100 | D17: =IF(C17<>"", IFERROR(VLOOKUP(C17, 'ثوابت الأصناف'!A:C, 2, FALSE) & " - " & VLOOKUP(C17, 'ثوابت الأصناف'!A:C, 3, FALSE), ""), "") -> ريسايكل مخرز - خامات تصنيع | E17: 2075 | F17: =IF(E17>0, E17 * VLOOKUP(C17, 'ثوابت الأصناف'!A:G, 7, FALSE), "") -> 0 | G17: وارد من وليد ريسيكل
A18: 46205 | B18: RTX013 | C18: RTX04 | D18: =IF(C18<>"", IFERROR(VLOOKUP(C18, 'ثوابت الأصناف'!A:C, 2, FALSE) & " - " & VLOOKUP(C18, 'ثوابت الأصناف'!A:C, 3, FALSE), ""), "") -> المشبك - نوع واحد | E18: 185 | F18: =IF(E18>0, E18 * VLOOKUP(C18, 'ثوابت الأصناف'!A:G, 7, FALSE), "") -> 264.28571 | G18: تشغيل خارجي
D19: =IF(C19<>"", IFERROR(VLOOKUP(C19, 'ثوابت الأصناف'!A:C, 2, FALSE) & " - " & VLOOKUP(C19, 'ثوابت الأصناف'!A:C, 3, FALSE), ""), "") | F19: =IF(E19>0, E19 * VLOOKUP(C19, 'ثوابت الأصناف'!A:G, 7, FALSE), "")
D20: =IF(C20<>"", IFERROR(VLOOKUP(C20, 'ثوابت الأصناف'!A:C, 2, FALSE) & " - " & VLOOKUP(C20, 'ثوابت الأصناف'!A:C, 3, FALSE), ""), "") | F20: =IF(E20>0, E20 * VLOOKUP(C20, 'ثوابت الأصناف'!A:G, 7, FALSE), "")
D21: =IF(C21<>"", IFERROR(VLOOKUP(C21, 'ثوابت الأصناف'!A:C, 2, FALSE) & " - " & VLOOKUP(C21, 'ثوابت الأصناف'!A:C, 3, FALSE), ""), "") | F21: =IF(E21>0, E21 * VLOOKUP(C21, 'ثوابت الأصناف'!A:G, 7, FALSE), "")
D22: =IF(C22<>"", IFERROR(VLOOKUP(C22, 'ثوابت الأصناف'!A:C, 2, FALSE) & " - " & VLOOKUP(C22, 'ثوابت الأصناف'!A:C, 3, FALSE), ""), "") | F22: =IF(E22>0, E22 * VLOOKUP(C22, 'ثوابت الأصناف'!A:G, 7, FALSE), "")
D23: =IF(C23<>"", IFERROR(VLOOKUP(C23, 'ثوابت الأصناف'!A:C, 2, FALSE) & " - " & VLOOKUP(C23, 'ثوابت الأصناف'!A:C, 3, FALSE), ""), "") | F23: =IF(E23>0, E23 * VLOOKUP(C23, 'ثوابت الأصناف'!A:G, 7, FALSE), "")
D24: =IF(C24<>"", IFERROR(VLOOKUP(C24, 'ثوابت الأصناف'!A:C, 2, FALSE) & " - " & VLOOKUP(C24, 'ثوابت الأصناف'!A:C, 3, FALSE), ""), "") | F24: =IF(E24>0, E24 * VLOOKUP(C24, 'ثوابت الأصناف'!A:G, 7, FALSE), "")
D25: =IF(C25<>"", IFERROR(VLOOKUP(C25, 'ثوابت الأصناف'!A:C, 2, FALSE) & " - " & VLOOKUP(C25, 'ثوابت الأصناف'!A:C, 3, FALSE), ""), "") | F25: =IF(E25>0, E25 * VLOOKUP(C25, 'ثوابت الأصناف'!A:G, 7, FALSE), "")
D26: =IF(C26<>"", IFERROR(VLOOKUP(C26, 'ثوابت الأصناف'!A:C, 2, FALSE) & " - " & VLOOKUP(C26, 'ثوابت الأصناف'!A:C, 3, FALSE), ""), "") | F26: =IF(E26>0, E26 * VLOOKUP(C26, 'ثوابت الأصناف'!A:G, 7, FALSE), "")
D27: =IF(C27<>"", IFERROR(VLOOKUP(C27, 'ثوابت الأصناف'!A:C, 2, FALSE) & " - " & VLOOKUP(C27, 'ثوابت الأصناف'!A:C, 3, FALSE), ""), "") | F27: =IF(E27>0, E27 * VLOOKUP(C27, 'ثوابت الأصناف'!A:G, 7, FALSE), "")
D28: =IF(C28<>"", IFERROR(VLOOKUP(C28, 'ثوابت الأصناف'!A:C, 2, FALSE) & " - " & VLOOKUP(C28, 'ثوابت الأصناف'!A:C, 3, FALSE), ""), "") | F28: =IF(E28>0, E28 * VLOOKUP(C28, 'ثوابت الأصناف'!A:G, 7, FALSE), "")
D29: =IF(C29<>"", IFERROR(VLOOKUP(C29, 'ثوابت الأصناف'!A:C, 2, FALSE) & " - " & VLOOKUP(C29, 'ثوابت الأصناف'!A:C, 3, FALSE), ""), "") | F29: =IF(E29>0, E29 * VLOOKUP(C29, 'ثوابت الأصناف'!A:G, 7, FALSE), "")
D30: =IF(C30<>"", IFERROR(VLOOKUP(C30, 'ثوابت الأصناف'!A:C, 2, FALSE) & " - " & VLOOKUP(C30, 'ثوابت الأصناف'!A:C, 3, FALSE), ""), "") | F30: =IF(E30>0, E30 * VLOOKUP(C30, 'ثوابت الأصناف'!A:G, 7, FALSE), "")
... D37: =IF(C37<>"", IFERROR(VLOOKUP(C37, 'ثوابت الأصناف'!A:C, 2, FALSE) & " - " & VLOOKUP(C37, 'ثوابت الأصناف'!A:C, 3, FALSE), ""), "") | F37: =IF(E37>0, E37 * VLOOKUP(C37, 'ثوابت الأصناف'!A:G, 7, FALSE), "")

Sheet حركة المنصرف (الصرف)
A1: سجل حركة مخزن البلاستيك - حركة المنصرف (الصرف)
A4: التاريخ | B4: رقم الإذن | C4: كود الصنف | D4: اسم الصنف والنوع (تلقائي) | E4: الوزن الفعلي (كجم) | F4: عدد الأكياس (تلقائي) | G4: ملاحظات
A5: 46200 | C5: RTX01 | D5: فواصل - 1 مللي | E5: 240 | F5: =IF(E5>0, E5 * VLOOKUP(C5, 'ثوابت الأصناف'!A:G, 7, FALSE), "") -> 800 | G5: اجمالي المصروفات حتي 2026/6/28
A6: 46200 | C6: RTX02 | D6: فواصل - 1.5 مللي | E6: 960 | F6: =IF(E6>0, E6 * VLOOKUP(C6, 'ثوابت الأصناف'!A:G, 7, FALSE), "") -> 3200 | G6: اجمالي المصروفات حتي 2026/6/29
A7: 46200 | C7: RTX03 | D7: فواصل - 2 مللي | E7: 87 | F7: =IF(E7>0, E7 * VLOOKUP(C7, 'ثوابت الأصناف'!A:G, 7, FALSE), "") -> 290 | G7: اجمالي المصروفات حتي 2026/6/30
A8: 46200 | C8: RTX04 | D8: المشبك - نوع واحد | E8: 1512 | F8: =IF(E8>0, E8 * VLOOKUP(C8, 'ثوابت الأصناف'!A:G, 7, FALSE), "") -> 2160 | G8: اجمالي المصروفات حتي 2026/6/31
A9: 46198 | C9: 80-60 | D9: =IF(C9<>"", IFERROR(VLOOKUP(C9, 'ثوابت الأصناف'!A:C, 2, FALSE) & " - " & VLOOKUP(C9, 'ثوابت الأصناف'!A:C, 3, FALSE), ""), "") -> بيور - خامات تصنيع | E9: 250 | F9: =IF(E9>0, E9 * VLOOKUP(C9, 'ثوابت الأصناف'!A:G, 7, FALSE), "") -> 0 | G9: تشغيل خارجي
A10: 46198 | C10: 100-100 | D10: =IF(C10<>"", IFERROR(VLOOKUP(C10, 'ثوابت الأصناف'!A:C, 2, FALSE) & " - " & VLOOKUP(C10, 'ثوابت الأصناف'!A:C, 3, FALSE), ""), "") -> ريسايكل مخرز - خامات تصنيع | E10: 5429 | F10: =IF(E10>0, E10 * VLOOKUP(C10, 'ثوابت الأصناف'!A:G, 7, FALSE), "") -> 0 | G10: تشغيل خارجي
A11: 46202 | C11: RTX02 | D11: =IF(C11<>"", IFERROR(VLOOKUP(C11, 'ثوابت الأصناف'!A:C, 2, FALSE) & " - " & VLOOKUP(C11, 'ثوابت الأصناف'!A:C, 3, FALSE), ""), "") -> فواصل - 1.5 مللي | E11: 300 | F11: =IF(E11>0, E11 * VLOOKUP(C11, 'ثوابت الأصناف'!A:G, 7, FALSE), "") -> 1000 | G11: فاتورة علي الشرقيه
A12: 46202 | C12: RTX04 | D12: =IF(C12<>"", IFERROR(VLOOKUP(C12, 'ثوابت الأصناف'!A:C, 2, FALSE) & " - " & VLOOKUP(C12, 'ثوابت الأصناف'!A:C, 3, FALSE), ""), "") -> المشبك - نوع واحد | E12: 350 | F12: =IF(E12>0, E12 * VLOOKUP(C12, 'ثوابت الأصناف'!A:G, 7, FALSE), "") -> 500 | G12: فاتورة علي الشرقيه
A13: 46205 | C13: 100-100 | D13: =IF(C13<>"", IFERROR(VLOOKUP(C13, 'ثوابت الأصناف'!A:C, 2, FALSE) & " - " & VLOOKUP(C13, 'ثوابت الأصناف'!A:C, 3, FALSE), ""), "") -> ريسايكل مخرز - خامات تصنيع | E13: 2075 | F13: =IF(E13>0, E13 * VLOOKUP(C13, 'ثوابت الأصناف'!A:G, 7, FALSE), "") -> 0 | G13: تشغيل خارجي
A14: 46205 | C14: RTX03 | D14: =IF(C14<>"", IFERROR(VLOOKUP(C14, 'ثوابت الأصناف'!A:C, 2, FALSE) & " - " & VLOOKUP(C14, 'ثوابت الأصناف'!A:C, 3, FALSE), ""), "") -> فواصل - 2 مللي | E14: 150 | F14: =IF(E14>0, E14 * VLOOKUP(C14, 'ثوابت الأصناف'!A:G, 7, FALSE), "") -> 500 | G14: فاتورة احمد جودة
A15: 46205 | C15: RTX04 | D15: =IF(C15<>"", IFERROR(VLOOKUP(C15, 'ثوابت الأصناف'!A:C, 2, FALSE) & " - " & VLOOKUP(C15, 'ثوابت الأصناف'!A:C, 3, FALSE), ""), "") -> المشبك - نوع واحد | E15: 490 | F15: =IF(E15>0, E15 * VLOOKUP(C15, 'ثوابت الأصناف'!A:G, 7, FALSE), "") -> 700 | G15: فاتورة احمد جودة
A16: 46205 | C16: RTX02 | D16: =IF(C16<>"", IFERROR(VLOOKUP(C16, 'ثوابت الأصناف'!A:C, 2, FALSE) & " - " & VLOOKUP(C16, 'ثوابت الأصناف'!A:C, 3, FALSE), ""), "") -> فواصل - 1.5 مللي | E16: 150 | F16: =IF(E16>0, E16 * VLOOKUP(C16, 'ثوابت الأصناف'!A:G, 7, FALSE), "") -> 500 | G16: فاتورة محمود سمير
A17: 46205 | C17: RTX04 | D17: =IF(C17<>"", IFERROR(VLOOKUP(C17, 'ثوابت الأصناف'!A:C, 2, FALSE) & " - " & VLOOKUP(C17, 'ثوابت الأصناف'!A:C, 3, FALSE), ""), "") -> المشبك - نوع واحد | E17: 262.5 | F17: =IF(E17>0, E17 * VLOOKUP(C17, 'ثوابت الأصناف'!A:G, 7, FALSE), "") -> 375 | G17: فاتورة محمود سمير
A18: 46205 | C18: RTX01 | D18: =IF(C18<>"", IFERROR(VLOOKUP(C18, 'ثوابت الأصناف'!A:C, 2, FALSE) & " - " & VLOOKUP(C18, 'ثوابت الأصناف'!A:C, 3, FALSE), ""), "") -> فواصل - 1 مللي | E18: 45 | F18: =IF(E18>0, E18 * VLOOKUP(C18, 'ثوابت الأصناف'!A:G, 7, FALSE), "") -> 150 | G18: فاتورة يوسف دمنهور
A19: 46205 | C19: RTX02 | D19: =IF(C19<>"", IFERROR(VLOOKUP(C19, 'ثوابت الأصناف'!A:C, 2, FALSE) & " - " & VLOOKUP(C19, 'ثوابت الأصناف'!A:C, 3, FALSE), ""), "") -> فواصل - 1.5 مللي | E19: 30 | F19: =IF(E19>0, E19 * VLOOKUP(C19, 'ثوابت الأصناف'!A:G, 7, FALSE), "") -> 100 | G19: فاتورة يوسف دمنهور
A20: 46205 | C20: RTX03 | D20: =IF(C20<>"", IFERROR(VLOOKUP(C20, 'ثوابت الأصناف'!A:C, 2, FALSE) & " - " & VLOOKUP(C20, 'ثوابت الأصناف'!A:C, 3, FALSE), ""), "") -> فواصل - 2 مللي | E20: 15 | F20: =IF(E20>0, E20 * VLOOKUP(C20, 'ثوابت الأصناف'!A:G, 7, FALSE), "") -> 50 | G20: فاتورة يوسف دمنهور
... A25: 46205 | C25: RTX02 | D25: =IF(C25<>"", IFERROR(VLOOKUP(C25, 'ثوابت الأصناف'!A:C, 2, FALSE) & " - " & VLOOKUP(C25, 'ثوابت الأصناف'!A:C, 3, FALSE), ""), "") -> فواصل - 1.5 مللي | E25: 120 | F25: =IF(E25>0, E25 * VLOOKUP(C25, 'ثوابت الأصناف'!A:G, 7, FALSE), "") -> 400 | G25: فاتورة بورسعيد
D26: =IF(C26<>"", IFERROR(VLOOKUP(C26, 'ثوابت الأصناف'!A:C, 2, FALSE) & " - " & VLOOKUP(C26, 'ثوابت الأصناف'!A:C, 3, FALSE), ""), "") | F26: =IF(E26>0, E26 * VLOOKUP(C26, 'ثوابت الأصناف'!A:G, 7, FALSE), "")
D27: =IF(C27<>"", IFERROR(VLOOKUP(C27, 'ثوابت الأصناف'!A:C, 2, FALSE) & " - " & VLOOKUP(C27, 'ثوابت الأصناف'!A:C, 3, FALSE), ""), "") | F27: =IF(E27>0, E27 * VLOOKUP(C27, 'ثوابت الأصناف'!A:G, 7, FALSE), "")
D28: =IF(C28<>"", IFERROR(VLOOKUP(C28, 'ثوابت الأصناف'!A:C, 2, FALSE) & " - " & VLOOKUP(C28, 'ثوابت الأصناف'!A:C, 3, FALSE), ""), "") | F28: =IF(E28>0, E28 * VLOOKUP(C28, 'ثوابت الأصناف'!A:G, 7, FALSE), "")
D29: =IF(C29<>"", IFERROR(VLOOKUP(C29, 'ثوابت الأصناف'!A:C, 2, FALSE) & " - " & VLOOKUP(C29, 'ثوابت الأصناف'!A:C, 3, FALSE), ""), "") | F29: =IF(E29>0, E29 * VLOOKUP(C29, 'ثوابت الأصناف'!A:G, 7, FALSE), "")
D30: =IF(C30<>"", IFERROR(VLOOKUP(C30, 'ثوابت الأصناف'!A:C, 2, FALSE) & " - " & VLOOKUP(C30, 'ثوابت الأصناف'!A:C, 3, FALSE), ""), "") | F30: =IF(E30>0, E30 * VLOOKUP(C30, 'ثوابت الأصناف'!A:G, 7, FALSE), "")
D31: =IF(C31<>"", IFERROR(VLOOKUP(C31, 'ثوابت الأصناف'!A:C, 2, FALSE) & " - " & VLOOKUP(C31, 'ثوابت الأصناف'!A:C, 3, FALSE), ""), "") | F31: =IF(E31>0, E31 * VLOOKUP(C31, 'ثوابت الأصناف'!A:G, 7, FALSE), "")
D32: =IF(C32<>"", IFERROR(VLOOKUP(C32, 'ثوابت الأصناف'!A:C, 2, FALSE) & " - " & VLOOKUP(C32, 'ثوابت الأصناف'!A:C, 3, FALSE), ""), "") | F32: =IF(E32>0, E32 * VLOOKUP(C32, 'ثوابت الأصناف'!A:G, 7, FALSE), "")
D33: =IF(C33<>"", IFERROR(VLOOKUP(C33, 'ثوابت الأصناف'!A:C, 2, FALSE) & " - " & VLOOKUP(C33, 'ثوابت الأصناف'!A:C, 3, FALSE), ""), "") | F33: =IF(E33>0, E33 * VLOOKUP(C33, 'ثوابت الأصناف'!A:G, 7, FALSE), "")
D34: =IF(C34<>"", IFERROR(VLOOKUP(C34, 'ثوابت الأصناف'!A:C, 2, FALSE) & " - " & VLOOKUP(C34, 'ثوابت الأصناف'!A:C, 3, FALSE), ""), "") | F34: =IF(E34>0, E34 * VLOOKUP(C34, 'ثوابت الأصناف'!A:G, 7, FALSE), "")
D35: =IF(C35<>"", IFERROR(VLOOKUP(C35, 'ثوابت الأصناف'!A:C, 2, FALSE) & " - " & VLOOKUP(C35, 'ثوابت الأصناف'!A:C, 3, FALSE), ""), "") | F35: =IF(E35>0, E35 * VLOOKUP(C35, 'ثوابت الأصناف'!A:G, 7, FALSE), "")
D36: =IF(C36<>"", IFERROR(VLOOKUP(C36, 'ثوابت الأصناف'!A:C, 2, FALSE) & " - " & VLOOKUP(C36, 'ثوابت الأصناف'!A:C, 3, FALSE), ""), "") | F36: =IF(E36>0, E36 * VLOOKUP(C36, 'ثوابت الأصناف'!A:G, 7, FALSE), "")
D37: =IF(C37<>"", IFERROR(VLOOKUP(C37, 'ثوابت الأصناف'!A:C, 2, FALSE) & " - " & VLOOKUP(C37, 'ثوابت الأصناف'!A:C, 3, FALSE), ""), "") | F37: =IF(E37>0, E37 * VLOOKUP(C37, 'ثوابت الأصناف'!A:G, 7, FALSE), "")
D38: =IF(C38<>"", IFERROR(VLOOKUP(C38, 'ثوابت الأصناف'!A:C, 2, FALSE) & " - " & VLOOKUP(C38, 'ثوابت الأصناف'!A:C, 3, FALSE), ""), "") | F38: =IF(E38>0, E38 * VLOOKUP(C38, 'ثوابت الأصناف'!A:G, 7, FALSE), "")
